Unique_ID,Gene_symbol,PC1,Direction
LAMA4_RPAS_12_N5,LAMA4,0.03338207436342718,Top
ITGA1_YNHT_11_N2,ITGA1,0.03312310153659277,Top
IKBIP_ISNL_12_N3,IKBIP,0.03311904190522942,Top
CD109_TQDE_12_N9,CD109,0.0331184611671776,Top
LAMA1_SPGT_26_N,LAMA1,0.03309437138583369,Top
FKBP10_YHYN_19_N4,FKBP10,0.033045677719035,Top
IKBIP_QDIL_17_N5,IKBIP,0.033027652813680385,Top
PDGFRB_LQVS_18_N7,PDGFRB,0.03301566597768891,Top
ERLIN1_NYTA_8_N1,ERLIN1,0.03298764015722647,Top
LAMA1_QTNE_10_N3,LAMA1,0.03298376254583474,Top
ANTXR1_DFNE_9_N3,ANTXR1,0.032961273172683485,Top
CEMIP2_TTNS_10_N3,CEMIP2,0.03291672857058323,Top
ADAM17_NTSW_10_N1,ADAM17,0.03289383672511787,Top
ITGB1_NGVN_11_N1_N4; N9,ITGB1,0.032872375750919156,Top
FKBP10_YHYN_11_N4,FKBP10,0.03286592831043137,Top
ITGB1_NPCT_16_N8,ITGB1,0.0328286582110402,Top
P4HA1_DMSD_14_N9,P4HA1,0.03282428817302134,Top
AGRN_NELM_11_N6,AGRN,0.0327807982288664,Top
IGF2R_NGSS_14_N1,IGF2R,0.0327761084987102,Top
ITGA6_ANHS_11_N2,ITGA6,0.032767921603831525,Top
FGFR1_TAGV_9_N5,FGFR1,0.0327676590480766,Top
MMRN2_NLSL_10_N1,MMRN2,0.032752856957132474,Top
FKBP7_IEVL_12_N9,FKBP7,0.03272041923394677,Top
ARSE_VLQW_20_N14,ARSE,0.0327199501785635,Top
P3H1_LLNG_7_N3,P3H1,0.03268936307590456,Top
PTK7_DGTP_17_N11,PTK7,0.03268617108605409,Top
LAMA1_SPGT_26_N11_N12,LAMA1,0.03265607556355776,Top
ITGB1_NGVN_11_N4_N,ITGB1,0.03263698501364001,Top
CTSC_DVNC_12_N3,CTSC,0.03262496068122809,Top
ABI3BP_ENGS_8_N2,ABI3BP,0.03261601529783854,Top
TMEM131_EADN_10_N4,TMEM131,0.03261256929169392,Top
HSP90B1_HNND_23_N,HSP90B1,0.032612024106649824,Top
AGRN_NELM_11_N1_N6,AGRN,0.03259991582994985,Top
PLOD1_YIHQ_8_N5,PLOD1,0.032586752373308374,Top
PLOD2_EAIN_10_N4,PLOD2,0.0325768773780376,Top
PTK7_SANA_9_N3,PTK7,0.03256614304532574,Top
GGT5_GQNQ_7_N3,GGT5,0.032556580729733824,Top
PTK7_RQDV_16_N5,PTK7,0.032548114248427025,Top
LAMA1_DFTQ_14_N8,LAMA1,0.03254422280786047,Top
PTK7_SANA_9_N3_N7,PTK7,0.032539317003985824,Top
MRC2_KKPN_14_N4,MRC2,0.03252505201561267,Top
PTK7_QDVN_15_N4,PTK7,0.03252281491932364,Top
LAMA1_DVAG_18_N11,LAMA1,0.03251248687043385,Top
LAMC1_KIPA_15_N6,LAMC1,0.032491246469546486,Top
ITGA6_LWNS_12_N3,ITGA6,0.03247521953299537,Top
PXDN_ILCD_11_N8,PXDN,0.0324726521783732,Top
LAMB1_LSDT_13_N9,LAMB1,0.03246245390070916,Top
NA_NISE_6_N1,"NA",0.03245893414720734,Top
LAMC1_LLNN_9_N3_N4,LAMC1,0.03244719297848511,Top
PLOD2_YFNY_7_N3,PLOD2,0.032438047897161676,Top
PLXNA1_LNYT_33_N2,PLXNA1,0.0324174440944432,Top
MAN2B1_NLSA_11_N1,MAN2B1,0.03241008995555424,Top
APOB_SYNE_6_N3,APOB,0.03240317003879033,Top
VCAM1_QLPN_22_N13,VCAM1,0.03239990028420551,Top
COL6A3_VAVV_21_N14,COL6A3,0.03239940814472322,Top
CD109_TASN_18_N4,CD109,0.032393370734866055,Top
JAM3_IWNV_6_N3,JAM3,0.0323801231999925,Top
MAN2B1_ANLT_8_N2,MAN2B1,0.03237208073122967,Top
ANO6_NING_10_N3,ANO6,0.03237120575060807,Top
SCARA3_IVTD_10_N7,SCARA3,0.03236612544647399,Top
LAMP2_LNSS_7_N2,LAMP2,0.03236424211515454,Top
PDGFRB_AINI_13_N3,PDGFRB,0.03236195980337461,Top
VCAM1_QLPN_22_N4_N13,VCAM1,0.03235765245196169,Top
CYBB_GQTA_18_N11,CYBB,0.032350819378228146,Top
LAMC1_TAND_15_N3,LAMC1,0.032344421561862645,Top
LAMB1_GTNY_7_N3,LAMB1,0.032324028361182484,Top
PODXL_QLVL_20_N5,PODXL,0.03231928958579231,Top
GNPTAB_TNVS_14_N2,GNPTAB,0.0323182057533237,Top
SERPINH1_SLSN_8_N4,SERPINH1,0.032315416635139205,Top
COL6A3_QNLT_8_N2,COL6A3,0.032314082305243165,Top
LAMC1_TAND_15_N3_N11,LAMC1,0.03230658435525394,Top
LAMC1_NISQ_8_N1,LAMC1,0.03229109537955181,Top
LAMC1_LLNN_9_N4,LAMC1,0.03226580036915098,Top
LAMC1_VNNT_11_N2_N3,LAMC1,0.03226329290929411,Top
ITGA1_NTTF_10_N1,ITGA1,0.03223691156236149,Top
P3H1_VPLQ_15_N11,P3H1,0.032229972262789876,Top
LAMB1_VNAS_19_N2_N9,LAMB1,0.03221670238440615,Top
PXDN_AINS_6_N3,PXDN,0.03221421756550946,Top
CEMIP2_NNIS_7_N2,CEMIP2,0.032212506055049474,Top
LAMC1_TLAG_17_N6,LAMC1,0.03220559059466629,Top
ABI3BP_QVIQ_9_N5,ABI3BP,0.03220519573484986,Top
COL14A1_SFMV_15_N5_N12,COL14A1,0.03220013065558838,Top
ITGA1_LDLP_16_N6,ITGA1,0.03219978292289769,Top
ENTPD1_FLNL_8_N3,ENTPD1,0.03218708876231248,Top
LAMB2_RANT_20_N3_N15,LAMB2,0.03218139468580425,Top
CEMIP2_GDPS_16_N9,CEMIP2,0.03217568979471726,Top
APMAP_AGPN_14_N4,APMAP,0.032160726063440115,Top
ASPH_LVQL_12_N7,ASPH,0.032160137877155666,Top
CPXM1_VQFS_8_N5,CPXM1,0.03215890471247847,Top
LAMA2_NLSL_7_N1,LAMA2,0.03213982030288588,Top
LAMA2_MLYG_13_N7,LAMA2,0.03213952420137267,Top
LAMB2_ANTS_19_N2_N14,LAMB2,0.032136565461792166,Top
LAMC1_KIPA_15_N6_N13,LAMC1,0.032135020216874546,Top
LAMA4_LHNE_6_N3,LAMA4,0.03213261925915466,Top
LAMA2_ACPL_10_N9,LAMA2,0.03213215397688939,Top
STAB1_SLEA_17_N7,STAB1,0.03213019348502244,Top
PCDHGA11_GSFV_9_N6,PCDHGA11,-0.03211758987256685,Bottom
ASTN1_ELPM_21_N5_N,ASTN1,-0.032088444729131964,Bottom
CD200_FSED_15_N7,CD200,-0.032081772519342244,Bottom
NECTIN1_GVEA_7_N6,NECTIN1,-0.03205569996490732,Bottom
NRCAM_GSAL_24_N14,NRCAM,-0.03191874938573125,Bottom
NCAM1_DGQL_14_N,NCAM1,-0.03184996709417557,Bottom
IGLON5_SMLL_11_N7,IGLON5,-0.03178308430311962,Bottom
LRRC4B_ETVP_12_N6,LRRC4B,-0.031717005216012506,Bottom
IGSF3_SSIS_21_N10,IGSF3,-0.03163891886315304,Bottom
NCAM1_QNIV_32_N5_N,NCAM1,-0.03150944692637122,Bottom
NRCAM_VNVV_19_N2_N5,NRCAM,-0.03144560976313648,Bottom
NRCAM_VNVV_19_N5,NRCAM,-0.031428331212002045,Bottom
NA_INCN_7_N2_N4,"NA",-0.03136821539239455,Bottom
NCAM1_QNIV_32_N,NCAM1,-0.031311071330169124,Bottom
NRCAM_SVQL_18_N,NRCAM,-0.031207110854371476,Bottom
NCAM1_NISS_7_N1,NCAM1,-0.03112413300770047,Bottom
NRCAM_YQPI_17_N5,NRCAM,-0.03111520828835659,Bottom
NRCAM_QKDG_18_N15,NRCAM,-0.031103363969447757,Bottom
DCC_QQLS_17_N5,DCC,-0.03105443219900037,Bottom
NFASC_HNFG_20_N2_N17,NFASC,-0.031050576846403062,Bottom
PANX1_SGIL_17_N6,PANX1,-0.031006235908347262,Bottom
PTPRZ1_TVEI_11_N,PTPRZ1,-0.030991337380642702,Bottom
NPTX2_ANVS_13_N2_N5,NPTX2,-0.03098942649953074,Bottom
LRRC4B_DIPN_10_N4,LRRC4B,-0.030968221631131974,Bottom
NFASC_QIVE_12_N5_N9,NFASC,-0.03095028417578378,Bottom
GABRA3_HAPD_18_N12,GABRA3,-0.03094735440990062,Bottom
NCAM1_DGQL_14_N9_N12,NCAM1,-0.030839149704568906,Bottom
NRCAM_FNHT_10_N2,NRCAM,-0.030806537959793445,Bottom
ATP1B1_VLGF_21_N11,ATP1B1,-0.030795743213531537,Bottom
NFASC_HNFG_20_N17,NFASC,-0.03077749527996523,Bottom
NFASC_NNME_21_N11,NFASC,-0.03071958516162386,Bottom
FAT3_HESE_10_N6,FAT3,-0.030695238734982446,Bottom
PTPRZ1_TVEI_11_N5_N8,PTPRZ1,-0.030659939550594928,Bottom
NRXN2_SGGN_17_N4,NRXN2,-0.030651961472182482,Bottom
GPM6B_SPQT_18_N5,GPM6B,-0.03062051049932148,Bottom
LRFN3_LLGN_7_N4,LRFN3,-0.030550710078316654,Bottom
NFASC_WANI_7_N3,NFASC,-0.03054846558819843,Bottom
NFASC_YVAF_8_N5,NFASC,-0.03054125563272108,Bottom
NCAM1_QNIV_32_N2_N5; N9,NCAM1,-0.030533023447427008,Bottom
NA_VAWL_6_N5,"NA",-0.03052592171471036,Bottom
NA_SGGN_17_N4,"NA",-0.030482934495674723,Bottom
EPHB2_AGFE_13_N8,EPHB2,-0.030469011632407228,Bottom
ATP1B2_FLNV_15_N3,ATP1B2,-0.030437573312018552,Bottom
PTPRF_KVEV_17_N8,PTPRF,-0.03039731599854093,Bottom
ATP1B1_FKLE_20_N8,ATP1B1,-0.03037963388625832,Bottom
NFASC_KNNM_22_N12,NFASC,-0.03035461527114708,Bottom
ATP1B1_FKLE_20_N8_N13,ATP1B1,-0.030320411820501273,Bottom
NA_INCN_7_N4,"NA",-0.030305959256394125,Bottom
NECTIN1_ESQL_11_N5,NECTIN1,-0.030287413149570064,Bottom
NFASC_QIVE_12_N,NFASC,-0.03027593713100202,Bottom
PTPRZ1_YYIY_23_N5,PTPRZ1,-0.030248119182690592,Bottom
IGLON5_IVNI_33_N,IGLON5,-0.030235786971977645,Bottom
PTPRF_VEVE_16_N7,PTPRF,-0.030204045150558002,Bottom
CNTN1_GTEW_10_N7,CNTN1,-0.030198671450771486,Bottom
QSOX1_NGSG_18_N1,QSOX1,-0.030197710493877303,Bottom
SCN3B_LQWN_7_N4,SCN3B,-0.030160992863884933,Bottom
NFASC_KNNM_22_N2_N3; N12,NFASC,-0.030053936257993297,Bottom
CNTN1_YIIT_21_N13,CNTN1,-0.03004844658420516,Bottom
ADAM23_AWGA_18_N13,ADAM23,-0.029976017766869242,Bottom
ATP1B2_FLNV_15_N,ATP1B2,-0.029952642724293512,Bottom
ROBO2_IWCL_9_N6,ROBO2,-0.02992140754122034,Bottom
ST8SIA2_HNQT_8_N2,ST8SIA2,-0.02990790847748974,Bottom
PLPPR1_AVGN_8_N4_N5,PLPPR1,-0.02989180735061486,Bottom
ST8SIA2_SNES_6_N2,ST8SIA2,-0.02988143075858813,Bottom
PLXNA1_ENGC_15_N8,PLXNA1,-0.029875451544709535,Bottom
RTN4R_NLTI_14_N1,RTN4R,-0.029867135808148083,Bottom
CASD1_IDAY_17_N13,CASD1,-0.02984673686866384,Bottom
CNTN2_MNGT_7_N2,CNTN2,-0.029836619457328316,Bottom
LPL_TPED_30_N26,LPL,-0.029834908722179188,Bottom
BMPR2_ISHE_12_N5,BMPR2,-0.02983289389017501,Bottom
OLFM2_VQNV_14_N3,OLFM2,-0.029832186706531136,Bottom
NCAN_RANA_12_N3,NCAN,-0.02979050602269446,Bottom
CNTN1_ILIW_16_N12_N13,CNTN1,-0.02977907454357679,Bottom
ST8SIA4_INSS_10_N2,ST8SIA4,-0.029768972104203456,Bottom
MEGF8_ALLT_14_N5,MEGF8,-0.029762511111155087,Bottom
CNTN1_YTCT_21_N11,CNTN1,-0.029758183553571054,Bottom
PTPRZ1_SPHM_31_N5,PTPRZ1,-0.02975757789724054,Bottom
PLPPR1_AVGN_8_N,PLPPR1,-0.029735698199426522,Bottom
NCAN_GTVL_20_N13,NCAN,-0.029734874454633933,Bottom
ST8SIA2_AFED_11_N7,ST8SIA2,-0.02973124339467022,Bottom
NFASC_KNNM_22_N12_N,NFASC,-0.02968830957005474,Bottom
TENM1_GNVS_8_N2,TENM1,-0.029645248412812426,Bottom
CNTN2_GTEI_10_N7,CNTN2,-0.029643234745505256,Bottom
LGI1_ATQL_21_N7,LGI1,-0.029634326553960998,Bottom
LRFN4_NMTG_12_N1,LRFN4,-0.029618632350500083,Bottom
PLXNA1_ENGC_15_N2_N8,PLXNA1,-0.029612124758385393,Bottom
PSAP_DNAT_14_N2,PSAP,-0.029608538572089508,Bottom
CNTN4_NESV_13_N1,CNTN4,-0.029555688203890845,Bottom
ATP6AP1_LNAS_12_N2,ATP6AP1,-0.029546880820244363,Bottom
NRCAM_ERPP_20_N12,NRCAM,-0.029506050840139086,Bottom
CNTN2_ANST_10_N2,CNTN2,-0.02949644801325881,Bottom
NRCAM_ERPP_20_N12_N15,NRCAM,-0.029471544395967827,Bottom
MPZL1_DASI_22_N,MPZL1,-0.0294701959738434,Bottom
SDK2_IQTL_18_N14,SDK2,-0.029456112371301992,Bottom
NRXN2_SGGN_17_N4_N15,NRXN2,-0.029401848953836164,Bottom
PLXNA3_GIET_19_N12,PLXNA3,-0.02937144349376691,Bottom
