Phos_Unique_ID,Gene_symbol,PC,rotation,end
MYCBP2_ALLS_11_1x_S5,MYCBP2,PC1,-0.02965682908153966,min
SLC9A1_EDLP_27_2x_S12,SLC9A1,PC1,-0.029062226558006152,min
ATP7A_VSIT_21_1x_S13,ATP7A,PC1,-0.028832306085185236,min
EPB41L1_GAPS_33_1x_S15,EPB41L1,PC1,-0.02879897807832517,min
IQSEC3_VRSP_13_1x_S3,IQSEC3,PC1,-0.028797761748415317,min
HECTD4_TEGT_13_1x_T4,HECTD4,PC1,-0.0287608348858378,min
FAM129B_QVVS_34_2x_S21,FAM129B,PC1,-0.028707505624473436,min
PSMA5_ITSP_13_1x_S3,PSMA5,PC1,-0.028493392636854648,min
CEP170_TDEG_37_2x_S15,CEP170,PC1,-0.028490768706432645,min
CCNL1_GLNP_26_1x_S/T,CCNL1,PC1,-0.028449261320045653,min
SCRIB_AFAA_33_1x_S26,SCRIB,PC1,-0.028401573338611253,min
HECTD4_TQCP_20_1x_S12,HECTD4,PC1,-0.028398120364826293,min
KIF1B_LSDI_9_1x_S5,KIF1B,PC1,-0.02834080923211809,min
MYCBP2_LISG_15_1x_T9,MYCBP2,PC1,-0.02832668801188498,min
RAPH1_QIAS_36_1x_S31,RAPH1,PC1,-0.028318767831508836,min
EIF5B_IEPI_10_1x_S8,EIF5B,PC1,-0.02818323161700414,min
RNF146_QEIP_20_1x_S15,RNF146,PC1,-0.028151575753929566,min
SLMAP_ESDF_12_2x_S5,SLMAP,PC1,-0.028146825557021495,min
PRRC2A_EGTL_24_1x_S19,PRRC2A,PC1,-0.02799944637574539,min
PSMD1_TSSA_17_1x_T9,PSMD1,PC1,-0.02791960433086205,min
ADAM9_HVSP_9_2x_S3,ADAM9,PC1,-0.027897517479927643,min
PSMD1_TVGT_23_1x_T4,PSMD1,PC1,-0.027791327049023266,min
ARHGAP23_SFFT_22_3x_T4_S/T,ARHGAP23,PC1,-0.027756126380345574,min
SCRIB_VSPT_9_1x_S2,SCRIB,PC1,-0.027716718308415735,min
SLMAP_ESDF_12_1x_S5,SLMAP,PC1,-0.027696220819303112,min
VPS35_PTTQ_13_1x_S6,VPS35,PC1,-0.027683718279778186,min
ARHGEF7_SGTL_9_1x_S6,ARHGEF7,PC1,-0.02765844114221325,min
VPS35_RESP_16_1x_S3,VPS35,PC1,-0.02759964999285628,min
MYH10_DHNI_12_1x_S7,MYH10,PC1,-0.02757459195154163,min
CEP170_DNSI_25_2x_S3,CEP170,PC1,-0.027516708415585955,min
TSC22D3_TLAS_10_1x_S4,TSC22D3,PC1,-0.027441776715252893,min
SKIV2L_EAST_35_2x_S7,SKIV2L,PC1,-0.027440644897031026,min
POLR2M_APES_26_1x_S4,POLR2M,PC1,-0.02743516851516653,min
CEP170_DNSI_25_1x_S5,CEP170,PC1,-0.027394905481553117,min
ARHGEF7_ASEK_9_1x_S7,ARHGEF7,PC1,-0.02738342018420346,min
USP10_TCNS_30_1x_S4,USP10,PC1,-0.027375915115526218,min
PHACTR4_AHSL_21_1x_S3,PHACTR4,PC1,-0.02732822929381672,min
ATG9A_LEAS_24_2x_S6,ATG9A,PC1,-0.02728710255019223,min
HTATSF1_GTLG_31_1x_S24,HTATSF1,PC1,-0.027270210604725467,min
RABL6_AAQQ_33_2x_S6,RABL6,PC1,-0.027252064593855367,min
SH2B1_ASGS_30_1x_S6,SH2B1,PC1,-0.027237478273965218,min
FASN_ADEA_13_1x_T11,FASN,PC1,-0.02717611883516534,min
MACF1_NLDL_10_1x_Y7,MACF1,PC1,-0.027153134072988645,min
HIP1_ASAL_29_1x_S23,HIP1,PC1,-0.02714287152393633,min
PKP4_LYLQ_17_1x_S5,PKP4,PC1,-0.027042489113728304,min
AKAP12_LKET_22_1x_1x_S18_C5,AKAP12,PC1,-0.027028259952049504,min
WDR11_DLLN_16_1x_S8,WDR11,PC1,-0.02701907396089187,min
ARHGAP23_RHST_17_1x_S3,ARHGAP23,PC1,-0.02701767749260153,min
RPAP1_RKSP_16_1x_S3,RPAP1,PC1,-0.02700292753385505,min
TUBA8_AYHE_31_2x_T/S/Y,TUBA8,PC1,-0.02697274987075617,min
ARHGAP23_SKSC_12_1x_S3,ARHGAP23,PC1,-0.026969630682617658,min
CBARP_RGDS_12_1x_S4,CBARP,PC1,-0.02694016046012495,min
ARHGAP23_SKSC_16_1x_S3,ARHGAP23,PC1,-0.026917412738133674,min
MAP2_ESQP_34_2x_S2,MAP2,PC1,-0.026892420777575674,min
LAMTOR1_LLLD_11_1x_S7,LAMTOR1,PC1,-0.026873635637005164,min
PRKCA_VISP_9_1x_S3,PRKCA,PC1,-0.026850021351494686,min
MXRA7_GAAA_10_1x_S5,MXRA7,PC1,-0.02684897824734478,min
ARHGAP23_SFFT_22_2x_T4,ARHGAP23,PC1,-0.026838797691380395,min
ASPSCR1_SLSS_10_1x_S4,ASPSCR1,PC1,-0.02677466411597042,min
MAP2_YTVP_29_1x_S16,MAP2,PC1,-0.026766073732485334,min
SACS_DSAP_19_1x_S9,SACS,PC1,-0.02675292576040155,min
ZNF362_HTVV_24_2x_S12_T/S,ZNF362,PC1,-0.026741242699871198,min
PEX19_SPGD_7_1x_S1,PEX19,PC1,-0.026723067505486177,min
SARM1_EMLH_13_1x_S5,SARM1,PC1,-0.026661333172758293,min
SMCR8_VASP_15_1x_S3,SMCR8,PC1,-0.026612953057073813,min
MYCBP2_ALLS_11_2x_S4,MYCBP2,PC1,-0.026610554953640474,min
RC3H1_IDHL_21_1x_S11,RC3H1,PC1,-0.02657122394881313,min
ARHGAP23_VAPL_30_1x_S22,ARHGAP23,PC1,-0.026566764871367613,min
KDM1A_LPPP_32_1x_S16,KDM1A,PC1,-0.026560316166063275,min
ARHGAP23_RHST_16_1x_S3,ARHGAP23,PC1,-0.026558274193708084,min
PSMD1_TPEA_9_1x_S5,PSMD1,PC1,-0.026552221170213452,min
AIDA_ILAP_32_1x_S25,AIDA,PC1,-0.026540859691488405,min
MAP2_MEFH_20_1x_T10,MAP2,PC1,-0.026503370864619222,min
AKT1_SGSP_19_1x_S3,AKT1,PC1,-0.02648178141272596,min
HECTD4_LADY_26_1x_S14,HECTD4,PC1,-0.026428992858698184,min
ENO1_SGKY_16_1x_S10,ENO1,PC1,-0.026416927589699983,min
CEP170_DNDD_27_1x_S7,CEP170,PC1,-0.026356721445329745,min
EIF4EBP1_DLPT_26_1x_T/S,EIF4EBP1,PC1,-0.026346293045264448,min
SSH1_LSDP_24_1x_S8,SSH1,PC1,-0.02630536249975999,min
RAB3IP_TLVL_20_2x_S6_S/T,RAB3IP,PC1,-0.02627968379663932,min
MACF1_IEAS_21_1x_S14,MACF1,PC1,-0.02624556786770351,min
HOMER3_VAEL_18_1x_T13,HOMER3,PC1,-0.026187523764612638,min
CBARP_SGDS_25_1x_S20,CBARP,PC1,-0.0261860562950529,min
PEX19_RSPG_8_1x_S2,PEX19,PC1,-0.026183569953708994,min
DNPH1_YFEA_18_1x_S13,DNPH1,PC1,-0.02618014916512609,min
DCX_KIGS_23_1x_S4,DCX,PC1,-0.026152877027100084,min
PNISR_SPSP_20_3x_S1,PNISR,PC1,-0.026107039555802174,min
GPCPD1_LTLE_21_1x_S15,GPCPD1,PC1,-0.026060188865543673,min
TLN2_TSSP_9_1x_S3,TLN2,PC1,-0.026020720700975546,min
ARHGAP1_SDDS_16_3x_S4,ARHGAP1,PC1,-0.026016932945183015,min
TP53BP1_LVSP_19_1x_S3,TP53BP1,PC1,-0.025992710706318485,min
PSMD1_TSSA_17_2x_T9,PSMD1,PC1,-0.0259751654693715,min
CBARP_QHSD_8_1x_S3,CBARP,PC1,-0.025974564401467067,min
PWWP2A_SPEA_14_1x_S1,PWWP2A,PC1,-0.025974146746483198,min
HECTD4_IAPP_14_1x_S10,HECTD4,PC1,-0.025971400767066312,min
PSMA5_RITS_14_1x_S4,PSMA5,PC1,-0.025943373880829738,min
ARMC1_SESG_40_1x_S33,ARMC1,PC1,-0.025935693134739955,min
RAPH1_LTQA_24_1x_S22,RAPH1,PC1,-0.02592617706910852,min
SRRM3_AAAA_11_1x_T7,SRRM3,PC1,-0.02590887004742234,min
SCRIB_AFAA_24_1x_S16,SCRIB,PC1,-0.02590593742468453,min
USP11_LLSP_28_1x_S13,USP11,PC1,-0.02588025995085528,min
PTK2_LQPQ_16_1x_S7,PTK2,PC1,-0.0258581588528522,min
CNOT10_FIPA_12_1x_S,CNOT10,PC1,-0.025840465521745574,min
USP11_TTSP_22_1x_T/S/Y,USP11,PC1,-0.025797165427067694,min
NDRG2_PLLP_12_1x_T7,NDRG2,PC1,-0.025756387153829222,min
RGS19_PTPH_8_1x_T2,RGS19,PC1,-0.02572540384859601,min
SAP30L_TSDD_29_1x_S8,SAP30L,PC1,-0.025686132777555028,min
BSDC1_GLSD_19_1x_S16,BSDC1,PC1,-0.02565361324913192,min
CBARP_GDSV_11_1x_S3,CBARP,PC1,-0.025616467770008415,min
UBAP1_VLSP_8_1x_S3,UBAP1,PC1,-0.025611455436796954,min
KIF1B_IVEG_20_1x_T13,KIF1B,PC1,-0.025603753581262552,min
CEP170_EIND_37_3x_T13,CEP170,PC1,-0.025585745645832512,min
CEP170_SDVP_8_1x_S1,CEP170,PC1,-0.025582997305005704,min
CIC_GEPP_27_1x_T/S,CIC,PC1,-0.02556300156037576,min
AKAP12_KDDA_20_1x_S13,AKAP12,PC1,-0.025540534058614478,min
SMG8_LYEV_23_1x_S15,SMG8,PC1,-0.02552151405287079,min
PAM_LSTE_33_1x_S15,PAM,PC1,-0.02551937485295178,min
ARHGAP23_SAEA_14_1x_S12,ARHGAP23,PC1,-0.02551830994419619,min
XKR4_TVVG_21_1x_T18,XKR4,PC1,-0.02550621847051805,min
DCAF5_SPPP_20_1x_S1,DCAF5,PC1,-0.025499267459936345,min
GPRIN1_HRSP_18_1x_S3,GPRIN1,PC1,-0.02549671830776016,min
IPO11_NFED_14_1x_S6,IPO11,PC1,-0.025490158164909123,min
NUDC_LVSS_11_1x_S4,NUDC,PC1,-0.025444315753816393,min
DHX29_FQSP_17_1x_S11,DHX29,PC1,-0.02542402206917912,min
MACF1_LLDA_15_1x_S11,MACF1,PC1,-0.025415783206044828,min
MAP2_VAII_9_1x_T6,MAP2,PC1,-0.025401114443770433,min
ARHGAP23_SFFT_23_1x_T4,ARHGAP23,PC1,-0.025388194001273307,min
USP10_LLSP_8_1x_S3,USP10,PC1,-0.025384596408941917,min
NUFIP2_DYEI_22_1x_T14,NUFIP2,PC1,-0.02535955953851547,min
ADCY9_HATS_7_1x_S5,ADCY9,PC1,-0.025336009489386874,min
ARHGAP23_SFFT_23_3x_T4,ARHGAP23,PC1,-0.025316108273253046,min
AKAP12_ETCV_20_1x_1x_S16_C3,AKAP12,PC1,-0.025315948610974238,min
PRKCA_VISP_8_1x_S3,PRKCA,PC1,-0.025285374358388464,min
PLEKHA7_SPYS_20_1x_S4,PLEKHA7,PC1,-0.02528387313211796,min
TIAM1_FTID_15_1x_S12,TIAM1,PC1,-0.025213799396693146,min
ZNF512B_SEHT_26_1x_S15,ZNF512B,PC1,-0.025199931781891508,min
EPB41L2_VTLL_15_1x_S10,EPB41L2,PC1,-0.025185135042408942,min
EPB41L2_VTLL_15_1x_1x_S10_C11,EPB41L2,PC1,-0.025185135042408942,min
SPTBN1_MAET_34_4x_T15_T/S,SPTBN1,PC1,-0.02518285766180353,min
CYB5R3_STPA_13_1x_S9,CYB5R3,PC1,-0.025162953705369653,min
NUP62_ELED_14_1x_S7,NUP62,PC1,-0.02516289793890291,min
HECTD4_LADY_26_1x_T/S/Y,HECTD4,PC1,-0.025149351953850017,min
HECTD4_LADY_26_1x_1x_T/S/Y_C9,HECTD4,PC1,-0.025149351953850017,min
SQSTM1_LTPV_14_1x_S5,SQSTM1,PC1,-0.025145155368293523,min
ZNF358_AGHD_44_3x_S12,ZNF358,PC1,-0.025134196145246656,min
DCX_SKQS_16_1x_S4,DCX,PC1,-0.02512698854957038,min
CIC_NSTD_16_1x_S14,CIC,PC1,-0.025116425988213554,min
AKAP12_ETCV_20_1x_S16,AKAP12,PC1,-0.025097637535421657,min
MAP2_VAII_15_1x_T6,MAP2,PC1,-0.025095300495829895,min
CEP170_QGSF_8_1x_S3,CEP170,PC1,-0.02507700643014075,min
DYNC1LI2_DFQD_18_1x_S15,DYNC1LI2,PC1,-0.025071317526816347,min
SLC9A1_EDLP_27_1x_S15,SLC9A1,PC1,-0.025068044428695018,min
PKM_LDID_11_1x_S5,PKM,PC1,-0.025029689071181478,min
MACF1_SPDH_7_1x_S1,MACF1,PC1,-0.0249961888181033,min
CEP170_SIKS_11_1x_S4,CEP170,PC1,-0.024987006336460123,min
SLC12A2_EGLD_25_1x_S21,SLC12A2,PC1,-0.02497571711493091,min
STXBP5L_LQYD_30_2x_T15,STXBP5L,PC1,-0.02494228114788675,min
CNOT10_FIPA_11_1x_S8,CNOT10,PC1,-0.02492925501462824,min
DLGAP2_ADSI_14_1x_S3,DLGAP2,PC1,-0.024900706395370772,min
SUFU_VSIL_14_1x_S11,SUFU,PC1,-0.024885006300933866,min
AKAP12_AITP_12_1x_T3,AKAP12,PC1,-0.02486474124942591,min
AKAP12_EDEK_38_1x_T28,AKAP12,PC1,-0.024851292791358975,min
DPYSL2_GLYD_15_1x_T13,DPYSL2,PC1,-0.024846507490454854,min
STXBP5L_LQYD_30_1x_T10,STXBP5L,PC1,-0.0248400773538704,min
GPRIN1_GSLA_19_1x_S16,GPRIN1,PC1,-0.02483933141476389,min
PKP4_SAVS_16_1x_S4,PKP4,PC1,-0.024820164804515838,min
USP10_NHSV_26_1x_S16,USP10,PC1,-0.024783757048094872,min
CEP170_SKTS_13_1x_S4,CEP170,PC1,-0.024783577132663777,min
SCAP_RDSG_17_1x_S3,SCAP,PC1,-0.024733634641335114,min
EEF1AKMT2_SDKG_19_1x_S5,EEF1AKMT2,PC1,-0.024712643216591005,min
UBE2O_GSSG_23_1x_S19,UBE2O,PC1,-0.024686039278788874,min
MOCS3_SLQL_10_1x_S6,MOCS3,PC1,-0.024669178865227584,min
CEP170_DNDD_9_1x_S7,CEP170,PC1,-0.024658784994573316,min
SSBP4_SSPG_17_1x_S2,SSBP4,PC1,-0.02463992656069669,min
ELMO2_EPSS_12_1x_S3,ELMO2,PC1,-0.024630515363601398,min
HECTD4_SSSF_16_1x_S/T,HECTD4,PC1,-0.024620683720865316,min
PSMB6_VTDK_11_1x_T6,PSMB6,PC1,-0.024606242959030265,min
SMG9_GPVA_26_1x_T10,SMG9,PC1,-0.024601216188783567,min
ARHGAP23_SFFT_23_2x_T4,ARHGAP23,PC1,-0.024588441878213407,min
TP53BP1_EHHP_29_3x_S8,TP53BP1,PC1,-0.024578711137721747,min
TMEM245_GESA_27_2x_S17,TMEM245,PC1,-0.024559607942880753,min
RAB8A_KLEG_15_1x_S10,RAB8A,PC1,-0.024507140745861834,min
CBARP_LAEP_24_1x_S22,CBARP,PC1,-0.02448560642091125,min
ARHGAP1_SDDS_16_2x_S7,ARHGAP1,PC1,-0.024476307573034713,min
AKAP12_DKET_44_2x_S30,AKAP12,PC1,-0.024441037585634425,min
CBARP_HASL_12_1x_S3,CBARP,PC1,-0.024436543262609373,min
CTR9_AIIS_16_2x_S9,CTR9,PC1,-0.02436766318910349,min
USP47_STET_17_1x_S12,USP47,PC1,-0.024308947592520155,min
TUT4_VPSS_10_1x_S4,TUT4,PC1,-0.02427530421900132,min
ISCU_AASA_8_1x_S3,ISCU,PC1,-0.02426561130668179,min
ANAPC1_NFDF_15_1x_S,ANAPC1,PC1,-0.02426556522864972,min
EIF5B_INSS_18_3x_S3,EIF5B,PC1,-0.024244624906833673,min
CEP170_TSSM_14_1x_S/T,CEP170,PC1,-0.024243272404239853,min
EPS15L1_STPV_33_1x_T2,EPS15L1,PC2,-0.03579255345808577,min
CEP170_SESL_17_1x_S3,CEP170,PC2,-0.034975647701412836,min
SHTN1_SHPS_9_1x_S4,SHTN1,PC2,-0.03494760243279217,min
CLIP1_TASE_16_3x_S5,CLIP1,PC2,-0.03468415716268123,min
SRGAP3_SSSS_19_2x_S/T,SRGAP3,PC2,-0.03465258540367881,min
ANKRD50_SSLS_9_1x_S7,ANKRD50,PC2,-0.03458771808911967,min
MAP2_VAII_15_2x_T6_S/T,MAP2,PC2,-0.03455891877924282,min
EIF5_NPPE_13_1x_T10,EIF5,PC2,-0.03454261287811898,min
HTT_SGSI_21_2x_S16_S,HTT,PC2,-0.03422600304372733,min
MAP4K4_HKSS_14_1x_S3,MAP4K4,PC2,-0.034011151844440694,min
DMXL1_QEPV_21_1x_S12,DMXL1,PC2,-0.03375989303694305,min
CAMSAP2_SSSM_16_1x_S/Y/T,CAMSAP2,PC2,-0.033749395615744644,min
MARK1_KLGS_10_1x_S4,MARK1,PC2,-0.03371995745675022,min
ABL2_TVST_14_1x_S3,ABL2,PC2,-0.033588953965074136,min
EXOC1_LTGS_10_1x_S/T,EXOC1,PC2,-0.03356001471974376,min
CEP170_ERSE_19_1x_S5,CEP170,PC2,-0.033544546292809015,min
FHOD3_RASV_13_1x_S3,FHOD3,PC2,-0.03352933304108439,min
KSR1_TESV_14_1x_S3,KSR1,PC2,-0.033412728819045896,min
CRTC1_ELTS_26_1x_S13,CRTC1,PC2,-0.03324161701514236,min
KPNA3_NVPQ_18_1x_S11,KPNA3,PC2,-0.03313020330812791,min
CEP170_STGS_14_1x_S10,CEP170,PC2,-0.03312837040741744,min
FAM110B_SEAT_16_1x_S10,FAM110B,PC2,-0.03312633966651393,min
RAPGEF2_YSIP_18_1x_S2,RAPGEF2,PC2,-0.03310693554860688,min
TSC1_GSVT_24_1x_S2,TSC1,PC2,-0.033100361207111205,min
CEP170_GNKH_19_2x_S10,CEP170,PC2,-0.03287480340586229,min
CRIP2_ASSV_16_1x_S3,CRIP2,PC2,-0.03283118593960841,min
SRGAP2_SAST_16_1x_S3,SRGAP2,PC2,-0.032776658529583357,min
CEP170_SSES_8_1x_S2,CEP170,PC2,-0.03275617585045824,min
CEP170_QKSE_19_1x_S3,CEP170,PC2,-0.03273423831720483,min
GIT1_SQSD_26_2x_S16,GIT1,PC2,-0.03269984800841144,min
TTBK1_SPCV_10_1x_S9,TTBK1,PC2,-0.03266129486288205,min
DOCK7_MNSL_7_1x_S3,DOCK7,PC2,-0.0325408158169311,min
MAP2_VDHG_22_3x_S11,MAP2,PC2,-0.032516262291275695,min
VAMP4_HLND_12_1x_S10,VAMP4,PC2,-0.03251222825664232,min
CCAR2_NAET_32_1x_T4,CCAR2,PC2,-0.03250448668452171,min
DENND1A_TAPS_10_1x_S4,DENND1A,PC2,-0.03248790005752687,min
HECW1_SYSA_12_1x_S3,HECW1,PC2,-0.03237775681410012,min
SIPA1L3_AHSL_20_1x_S13,SIPA1L3,PC2,-0.03236257094842194,min
MARK1_VPAA_18_1x_S10,MARK1,PC2,-0.032361207097693634,min
SYNRG_ETSF_17_1x_S6,SYNRG,PC2,-0.0323466650176103,min
RELCH_AGSI_14_1x_S3,RELCH,PC2,-0.03232012841452889,min
CEP170_SDSE_9_1x_S3,CEP170,PC2,-0.03223853873661672,min
MAP2_TPGT_12_1x_T4,MAP2,PC2,-0.03212565141956693,min
MAP2_AMTE_11_1x_T3,MAP2,PC2,-0.03210346187134813,min
CEP170_ASVA_20_4x_S8,CEP170,PC2,-0.03208146290322074,min
ARHGAP21_LRTS_10_1x_T3,ARHGAP21,PC2,-0.03201204684192121,min
PI4KB_ELPS_18_1x_S14,PI4KB,PC2,-0.031927256207011034,min
PRRC2C_SESS_11_1x_S4,PRRC2C,PC2,-0.03191817206724063,min
TBC1D10B_TEEA_21_2x_T14,TBC1D10B,PC2,-0.031747542596927456,min
PPP2R5D_RKSE_13_1x_S3,PPP2R5D,PC2,-0.031698765743465224,min
TSC2_SISV_10_1x_S3,TSC2,PC2,-0.03161374572695061,min
DPYSL5_DLHE_20_2x_S6,DPYSL5,PC2,-0.031576072337757576,min
ZNF358_THTA_9_1x_T3,ZNF358,PC2,-0.031537607404852556,min
MAP2_VDHG_21_3x_S11,MAP2,PC2,-0.03152698048257908,min
ARHGEF12_VTEH_8_1x_T6,ARHGEF12,PC2,-0.03140188069100079,min
APC2_YASL_11_1x_S3,APC2,PC2,-0.031367096264017125,min
TSC2_SQSG_21_1x_S3,TSC2,PC2,-0.031343779176727024,min
PLEKHA5_YPEG_10_1x_T7,PLEKHA5,PC2,-0.031342859270688486,min
MAP4K4_QTQS_11_1x_T2,MAP4K4,PC2,-0.031329401777861324,min
AAK1_STQL_16_1x_S1,AAK1,PC2,-0.03132751550306807,min
MAP2_VDHG_14_1x_S11,MAP2,PC2,-0.03126400424192853,min
KCTD3_RTES_9_1x_S4,KCTD3,PC2,-0.031247584800862743,min
APC2_LAAQ_12_1x_S11,APC2,PC2,-0.031172828410128164,min
PRKAA1_VPFL_10_1x_T8,PRKAA1,PC2,-0.03114095634436522,min
MARCKS_SFKL_10_2x_S1,MARCKS,PC2,-0.031133864703073295,min
INPP5E_AHSS_11_1x_S3,INPP5E,PC2,-0.031118007442993794,min
CEP170_ASVA_20_1x_S11,CEP170,PC2,-0.031114030835749623,min
VCPIP1_DGPS_12_1x_S5,VCPIP1,PC2,-0.031109712403703093,min
XPO6_HSVT_32_2x_T7,XPO6,PC2,-0.031103353517886387,min
PAK1_SVIE_12_1x_T9,PAK1,PC2,-0.031083916167569996,min
CDK12_RTPT_13_1x_T2,CDK12,PC2,-0.03107283931860738,min
KIDINS220_YQKL_23_2x_S6,KIDINS220,PC2,-0.031017074934420866,min
MTMR1_AAGG_10_1x_S9,MTMR1,PC2,-0.030999014338180437,min
CEP170_SSGS_8_1x_S4,CEP170,PC2,-0.030892180742083376,min
GTPBP3_SGEP_7_1x_S1,GTPBP3,PC2,-0.030875403184016516,min
R3HDM2_GDSI_8_1x_S3,R3HDM2,PC2,-0.030867738355136853,min
DLGAP4_QNSA_21_1x_S3,DLGAP4,PC2,-0.03086038602511556,min
DENND1A_SNIA_8_1x_S1,DENND1A,PC2,-0.0308390878474097,min
MAP2_APLA_18_1x_S13,MAP2,PC2,-0.030823630175622667,min
TIAM2_YSPT_16_1x_S2,TIAM2,PC2,-0.030733955719780312,min
FAM124A_SSSS_9_1x_S3,FAM124A,PC2,-0.030732958370254512,min
MAP2_VDHG_21_2x_S15,MAP2,PC2,-0.030674688344032648,min
KIF1A_TPQP_22_2x_S6,KIF1A,PC2,-0.03067338465392955,min
MAP4_STST_8_1x_S6,MAP4,PC2,-0.030629199715430395,min
CEP170_SMTS_13_1x_T/S,CEP170,PC2,-0.030546236148451422,min
NRBP2_AKTP_14_1x_T5,NRBP2,PC2,-0.030540515091811302,min
DENND4A_VDSP_20_1x_S14,DENND4A,PC2,-0.03052078450400661,min
MAP2_SSVA_7_1x_S5,MAP2,PC2,-0.030520518845457936,min
MAP2_ETSP_16_2x_S3,MAP2,PC2,-0.03049684343230113,min
CRIP2_ASSV_16_1x_S/T,CRIP2,PC2,-0.030477085202150984,min
CRIP2_ASSV_16_1x_1x_S/T_C14,CRIP2,PC2,-0.030477085202150984,min
EPB41L3_TESS_21_1x_T19,EPB41L3,PC2,-0.03046665939177256,min
MAP2_ETAE_9_1x_S7,MAP2,PC2,-0.030460692451500074,min
CEP170_ASVA_20_3x_T9,CEP170,PC2,-0.030410643426864538,min
MAP2_TPHT_9_1x_T7,MAP2,PC2,-0.030404462317703964,min
ABI1_HNST_14_1x_S3,ABI1,PC2,-0.030403610205042644,min
ARFGAP2_SSVS_23_1x_S/T,ARFGAP2,PC2,-0.030354598914683895,min
GSK3A_TSSF_32_1x_S23,GSK3A,PC2,-0.03034642444612884,min
MYO5A_RTSS_18_1x_S3,MYO5A,PC2,-0.030308737459747975,min
SMPD3_TASV_12_1x_S3,SMPD3,PC2,-0.030251662260379217,min
OSBPL9_LIDS_21_1x_S/T,OSBPL9,PC2,-0.03023377667865307,min
FAM193A_LILT_25_1x_S/T,FAM193A,PC2,-0.030217768219205528,min
FAM193A_LILT_25_1x_1x_S/T_C13,FAM193A,PC2,-0.030217768219205528,min
ACACA_SSMS_10_1x_S4,ACACA,PC2,-0.03021414970804429,min
EDC4_DSQD_29_1x_S10,EDC4,PC2,-0.03020484888534323,min
CLVS2_SQSV_11_1x_S3,CLVS2,PC2,-0.030195664548386944,min
PCDH10_ALHS_8_1x_S/T,PCDH10,PC2,-0.030192079161831257,min
FAM110B_ANSD_11_2x_S3,FAM110B,PC2,-0.030175112188617695,min
AMER2_SGGT_12_1x_S1,AMER2,PC2,-0.030168458771725415,min
FAM110B_RSPQ_12_1x_S2,FAM110B,PC2,-0.030159583123062026,min
SH3PXD2A_RNES_12_1x_S/T,SH3PXD2A,PC2,-0.030148572596832835,min
MAP2_GHDL_35_2x_S5,MAP2,PC2,-0.030146549083295813,min
DCLK1_SSQH_15_2x_S7_S/T,DCLK1,PC2,-0.030121190277171524,min
PACSIN3_GGRS_17_1x_S4,PACSIN3,PC2,-0.030100077193874947,min
VCPIP1_SRES_12_2x_S5_S,VCPIP1,PC2,-0.030071816009254744,min
MAP2_LSNV_31_2x_S6,MAP2,PC2,-0.030063412868813005,min
MARK1_SMST_10_1x_S3,MARK1,PC2,-0.03002120034668874,min
DCX_DLYL_18_1x_S17,DCX,PC2,-0.029997637375658224,min
CEP170_ASVA_20_2x_S11,CEP170,PC2,-0.029979379562013235,min
TBC1D4_AHTF_13_1x_S/T,TBC1D4,PC2,-0.029959789555222605,min
TP53BP1_TSSG_18_1x_T1,TP53BP1,PC2,-0.029934181929383533,min
LRRC7_SRST_9_1x_S3,LRRC7,PC2,-0.02992731433480149,min
ARHGAP21_HTLG_7_1x_T2,ARHGAP21,PC2,-0.029919274957397962,min
MAP4K4_PGSG_29_1x_S,MAP4K4,PC2,-0.029871443662325546,min
MAP7D1_SRSA_9_1x_S3,MAP7D1,PC2,-0.029777504550568195,min
GPSM1_APSS_15_1x_S/T,GPSM1,PC2,-0.029741642938083526,min
DLGAP4_KLSS_17_1x_S,DLGAP4,PC2,-0.02972239071144786,min
BRSK1_SMEV_20_1x_S1,BRSK1,PC2,-0.02972083184854894,min
CEP170_SRST_9_1x_S3,CEP170,PC2,-0.02970448984092186,min
EXOC7_QYSQ_10_1x_S3,EXOC7,PC2,-0.029697450081389208,min
PRR36_SLSS_14_1x_S3,PRR36,PC2,-0.02969155687310294,min
SYNRG_FSSI_8_1x_S3,SYNRG,PC2,-0.02968628349684955,min
GAPVD1_SSDI_9_1x_S1,GAPVD1,PC2,-0.029617441543791798,min
STOX2_GDPS_15_1x_S7,STOX2,PC2,-0.029608933772281798,min
BRSK2_SISG_18_1x_S12,BRSK2,PC2,-0.02956758193739479,min
MTMR6_ELLH_14_1x_S10,MTMR6,PC2,-0.029562721662561086,min
DPYSL5_DLHE_21_2x_S6_S,DPYSL5,PC2,-0.029556936873125633,min
MAP4K4_SSSS_12_1x_S4,MAP4K4,PC2,-0.029511493067935567,min
ALS2_SDSR_27_2x_S3_S/Y/T,ALS2,PC2,-0.0294773499495192,min
KIF1A_TPQP_22_2x_1x_S6_C5,KIF1A,PC2,-0.029472086397526704,min
PSD_HSSE_13_1x_S11,PSD,PC2,-0.02945951696354742,min
GAPVD1_SRSS_11_1x_S3,GAPVD1,PC2,-0.02943313811852762,min
FARP1_SATS_20_1x_S17,FARP1,PC2,-0.02941396882343732,min
CDK14_TLSE_8_1x_S3,CDK14,PC2,-0.02939638378060137,min
C2CD5_EIPF_22_2x_S14,C2CD5,PC2,-0.02937371630793851,min
SH3PXD2B_TSSS_12_1x_S3,SH3PXD2B,PC2,-0.029341544337895858,min
FAM110B_HSFA_8_1x_S6,FAM110B,PC2,-0.02927362903539133,min
TRIM46_SGFG_9_1x_T5,TRIM46,PC2,-0.029262475133642045,min
CLASP1_SANP_10_1x_S9,CLASP1,PC2,-0.02917711888268333,min
CEP170_LGEA_14_1x_S5,CEP170,PC2,-0.029147480510517066,min
EIF4EBP1_DLPT_32_1x_S28,EIF4EBP1,PC2,-0.02912765139337787,min
TANC2_SSSQ_15_1x_S3,TANC2,PC2,-0.02912163504393438,min
CCM2_GIIT_9_1x_S6,CCM2,PC2,-0.02912081211599729,min
SNX29_VTNI_22_1x_S6,SNX29,PC2,-0.029072112541253827,min
CDC42EP4_EFSF_15_1x_S3,CDC42EP4,PC2,-0.02902584668349224,min
HERC1_SRSE_22_2x_S1,HERC1,PC2,-0.028990581373445366,min
SCAF8_FDFG_14_1x_S7,SCAF8,PC2,-0.028942877100824292,min
ACLY_TASF_8_1x_S3,ACLY,PC2,-0.028935161335497905,min
ERC1_TNST_18_1x_S3,ERC1,PC2,-0.028928481457603676,min
SYNRG_QLSL_15_1x_S3,SYNRG,PC2,-0.028916805142842984,min
NRBP2_TPTP_12_1x_T3,NRBP2,PC2,-0.028884905687016536,min
TEX2_SLST_8_1x_S3,TEX2,PC2,-0.028865925010166625,min
SORBS1_SAES_10_1x_S1,SORBS1,PC2,-0.028847809555291374,min
RALBP1_IAQE_10_1x_S9,RALBP1,PC2,-0.028834615081880354,min
ARHGEF12_RPSR_12_1x_S3,ARHGEF12,PC2,-0.028813010290233892,min
CSNK1E_GAPA_14_1x_S7,CSNK1E,PC2,-0.028794630354684173,min
MAP2_SSVA_8_1x_S5,MAP2,PC2,-0.028759237448170813,min
IGSF3_EPHL_24_1x_1x_S7_C10,IGSF3,PC2,-0.028753307165264936,min
CSDC2_DLPS_10_1x_S4,CSDC2,PC2,-0.02872303060708098,min
ABL1_SSTL_8_1x_S2,ABL1,PC2,-0.028674198573821266,min
PPP2R5B_SHSS_8_1x_S3,PPP2R5B,PC2,-0.028657245558545028,min
ARHGAP35_EDTS_10_1x_T3,ARHGAP35,PC2,-0.02862990166367381,min
CEP170_SEEP_17_1x_S1,CEP170,PC2,-0.028573936844811288,min
STK32C_RGSS_16_1x_S11,STK32C,PC2,-0.02853464313312776,min
EPB41L1_DKSD_14_1x_S3,EPB41L1,PC2,-0.02851578274604785,min
VIPAS39_TRPG_19_1x_S5,VIPAS39,PC2,-0.02851070115515391,min
ZMYM4_DNLV_17_1x_S12,ZMYM4,PC2,-0.028487585260341113,min
TOM1L2_GVEF_20_1x_T17,TOM1L2,PC2,-0.028482546075956672,min
KCTD3_TESF_8_1x_S3,KCTD3,PC2,-0.028468244877472362,min
DEPDC5_HSSF_6_1x_S3,DEPDC5,PC2,-0.028445339917820545,min
RALGAPA1_GSSP_11_1x_S,RALGAPA1,PC2,-0.028430633391460472,min
MAP2_DLSI_12_1x_S3,MAP2,PC2,-0.028429686618781837,min
SH2B2_SSED_12_1x_S1,SH2B2,PC2,-0.028428362630099183,min
EIF3J_KLQE_12_1x_S6,EIF3J,PC2,-0.02842530497372314,min
PDAP1_KSLD_18_2x_S5,PDAP1,PC2,-0.028394683392748497,min
RAPGEF2_SLGS_24_1x_S1,RAPGEF2,PC2,-0.028381575227305965,min
KALRN_NEAT_7_1x_T4,KALRN,PC2,-0.02838099137861808,min
DNM1L_SKPI_13_1x_S10,DNM1L,PC2,-0.028373610817781916,min
CEP170_DNDD_27_2x_S7,CEP170,PC2,-0.028311909073853864,min
TBC1D4_VHEG_7_1x_S5,TBC1D4,PC2,-0.02823339011864721,min
EPB41L3_GISQ_15_1x_T12,EPB41L3,PC2,-0.028232103666798083,min
EIF3J_LQEE_11_1x_S5,EIF3J,PC2,-0.02820831810364162,min
RTN1_GLFS_21_1x_S7,RTN1,PC2,-0.028195393692290967,min
TBC1D4_HASA_15_1x_S3,TBC1D4,PC1,0.030085599206667583,max
FNBP1L_RHSS_30_2x_S3,FNBP1L,PC1,0.0300533880567885,max
REPS1_RLKS_18_1x_S4,REPS1,PC1,0.030014664698856386,max
SNIP1_GHSH_6_1x_S3,SNIP1,PC1,0.029892711275633203,max
EPC1_TPSL_15_1x_S7,EPC1,PC1,0.02982801122558396,max
EMSY_SVSC_12_1x_S5,EMSY,PC1,0.029802425459469265,max
GIGYF1_SLSV_9_1x_S3,GIGYF1,PC1,0.029791365764261377,max
SNIP1_EPSE_8_1x_S3,SNIP1,PC1,0.0297694301887148,max
IFT43_KASE_10_1x_S3,IFT43,PC1,0.02972048905465465,max
RBM15B_SSGS_11_1x_S2,RBM15B,PC1,0.02963032216658184,max
MYCBP2_AESP_9_1x_S3,MYCBP2,PC1,0.029601872131914668,max
FCHO2_NLSN_9_1x_S3,FCHO2,PC1,0.029593068118731483,max
TCF12_TSST_15_1x_S3,TCF12,PC1,0.029585534811759767,max
ERCC5_FDSS_13_2x_S7,ERCC5,PC1,0.029567824217414645,max
USP6NL_HAEP_10_1x_S7,USP6NL,PC1,0.02949749779679876,max
TOP2B_VEFD_28_1x_T21,TOP2B,PC1,0.029492161838400383,max
NELFA_RKTL_11_1x_T3,NELFA,PC1,0.029488293433448172,max
PNN_RGFS_13_1x_S4,PNN,PC1,0.029407851537550784,max
FAM122A_IDFI_14_2x_S7,FAM122A,PC1,0.02939755252745806,max
MYH10_TSDV_13_1x_S12,MYH10,PC1,0.029376022168164876,max
MACF1_RDSD_13_1x_S3,MACF1,PC1,0.029291143922800335,max
OSBPL1A_SFEE_12_1x_S1,OSBPL1A,PC1,0.02923968013991347,max
LMO7_REDS_14_1x_S4,LMO7,PC1,0.029201117775151855,max
SPEN_QISE_8_1x_S3,SPEN,PC1,0.0291780674612992,max
NSD3_RHTS_14_1x_T/S,NSD3,PC1,0.029168875367217923,max
WIZ_KLPP_23_1x_S13,WIZ,PC1,0.029164108631299493,max
RBM34_SVQE_13_1x_S1,RBM34,PC1,0.029145619289286093,max
PSMG1_AGTE_14_1x_T3,PSMG1,PC1,0.029114501015311125,max
HNRNPK_GSYG_19_1x_S2,HNRNPK,PC1,0.029098108602913654,max
ACIN1_GVPA_16_1x_S7,ACIN1,PC1,0.02909588186644505,max
CTNND1_GSLA_11_1x_S5,CTNND1,PC1,0.029087847959757454,max
MYH10_QLHL_19_1x_S12,MYH10,PC1,0.029070628368310248,max
SAFB2_EGSR_11_1x_S3,SAFB2,PC1,0.029055734923240005,max
PHF2_VASI_14_1x_S3,PHF2,PC1,0.029030013169278057,max
SFT2D2_VLSG_10_1x_S3,SFT2D2,PC1,0.02902955462597174,max
AFF4_DLLP_13_1x_S5,AFF4,PC1,0.02895974830124377,max
SRRM2_TPAA_14_1x_S12,SRRM2,PC1,0.02894447719003481,max
RSBN1_SSSG_9_1x_S2,RSBN1,PC1,0.02894169519225875,max
MYCBP2_SKSD_14_1x_S3,MYCBP2,PC1,0.028933440423678198,max
NUMB_RTPS_8_1x_S4,NUMB,PC1,0.028933058832007925,max
EIF4B_TGSE_16_1x_S6,EIF4B,PC1,0.028909400556604528,max
TPM3_CSEL_9_1x_S2,TPM3,PC1,0.02889061883909899,max
TNKS1BP1_NRSA_13_1x_S3,TNKS1BP1,PC1,0.028883851287617085,max
IRS2_TASE_19_1x_S3,IRS2,PC1,0.02888274902499435,max
CDK17_RASL_11_1x_S3,CDK17,PC1,0.02887243687242046,max
SET_RQSP_9_1x_S3,SET,PC1,0.028844914372090517,max
PPP1R10_VLSP_15_1x_S3,PPP1R10,PC1,0.02881058347197983,max
TBC1D15_KDSS_14_1x_S3,TBC1D15,PC1,0.028781686719362088,max
SETD2_RTSS_10_1x_T/S/Y,SETD2,PC1,0.028780725664481747,max
PHACTR4_RPLS_15_1x_S4,PHACTR4,PC1,0.02878005509468674,max
CCDC85C_SLDD_12_1x_S1,CCDC85C,PC1,0.028776566621900194,max
SCAF1_SGAA_11_1x_S1,SCAF1,PC1,0.028773854994231286,max
ZC3H14_RPSL_8_1x_S3,ZC3H14,PC1,0.028768143175485622,max
SIRT6_ERPT_13_1x_T4,SIRT6,PC1,0.028755755686125723,max
H3F3A_SAPS_9_1x_S1,H3F3A,PC1,0.028755627438694358,max
H3F3B_SAPS_9_1x_S1,H3F3B,PC1,0.028755627438694358,max
KIAA1211_RDSA_10_1x_S3,KIAA1211,PC1,0.02875113637519308,max
GIGYF2_SQSW_10_1x_S3,GIGYF2,PC1,0.028740222473020063,max
PI4KB_RLSE_14_1x_S3,PI4KB,PC1,0.028737970057940022,max
PPP6R1_NMVD_23_2x_S13_S/T,PPP6R1,PC1,0.02873716167243121,max
SGTB_SRSF_12_1x_S3,SGTB,PC1,0.028715108404767514,max
FAM122A_RIDF_15_2x_S8_S/T,FAM122A,PC1,0.02870001575073233,max
KIAA0556_SASH_13_1x_S3,KIAA0556,PC1,0.028699649984564826,max
SMC4_RREE_26_2x_S10_S,SMC4,PC1,0.02867434474716733,max
C1orf35_AEDQ_14_1x_T5,C1orf35,PC1,0.02866904472656382,max
GSTCD_VHTQ_15_1x_S13,GSTCD,PC1,0.028647231941707058,max
HECTD1_TSAA_10_1x_S8,HECTD1,PC1,0.02856249974292275,max
TMEM94_RSSW_16_1x_S3,TMEM94,PC1,0.028557913200675543,max
AKAP13_FLSH_11_1x_S5,AKAP13,PC1,0.02855180004591098,max
CCAR2_LEDS_7_1x_S4,CCAR2,PC1,0.028538851765289794,max
SMARCA4_KRDS_16_2x_S4,SMARCA4,PC1,0.02852425797795738,max
VAMP7_HHSE_6_1x_S3,VAMP7,PC1,0.028510244652343496,max
ESS2_ELIP_9_1x_S7,ESS2,PC1,0.02849411394284515,max
SEC16A_FTGS_22_1x_S4,SEC16A,PC1,0.02848214465176,max
TOMM20_IVSA_13_2x_S3,TOMM20,PC1,0.028434976968199802,max
TMX1_SLGP_11_1x_S1,TMX1,PC1,0.028433145853861086,max
SUFU_APSR_23_2x_S3,SUFU,PC1,0.028412335288793555,max
SERBP1_EFDR_10_1x_S6,SERBP1,PC1,0.028400126275569745,max
NCOR1_SHVS_22_1x_S12,NCOR1,PC1,0.0283827979440946,max
TRIM28_SRSG_13_1x_S3,TRIM28,PC1,0.028382603451490025,max
CDKN2AIP_GISS_14_1x_S3,CDKN2AIP,PC1,0.028378483491645016,max
CIC_AASE_12_1x_S3,CIC,PC1,0.0283687852379876,max
CBX4_SGEV_15_1x_S11,CBX4,PC1,0.028321258037820048,max
AMPD2_SLPG_10_1x_S1,AMPD2,PC1,0.028248783922248766,max
TOP2B_YTFD_27_1x_S6,TOP2B,PC1,0.028241417425090072,max
PRRC2C_QRGS_19_1x_S4,PRRC2C,PC1,0.02822290289290031,max
PRRC2A_QRGS_20_2x_S4,PRRC2A,PC1,0.028215278443137464,max
TRIM33_LKSD_11_1x_S3,TRIM33,PC1,0.02821362692888619,max
ARHGEF17_SPSF_12_1x_S3,ARHGEF17,PC1,0.0282113891961696,max
TNKS1BP1_ASPE_13_1x_S2,TNKS1BP1,PC1,0.02821001020849744,max
ACIN1_RLSQ_10_1x_S3,ACIN1,PC1,0.028207523414189563,max
SRRM2_SEEP_17_1x_S13,SRRM2,PC1,0.028199030335888584,max
MYH10_GGPI_10_1x_S5,MYH10,PC1,0.02819900010005355,max
FCHO2_PTTP_21_1x_S18,FCHO2,PC1,0.028155834002430238,max
THRAP3_MDSF_10_1x_S3,THRAP3,PC1,0.028145344925411632,max
PJA1_IFFD_17_1x_T5,PJA1,PC1,0.028126646419605716,max
SRSF11_LNHV_14_1x_S10,SRSF11,PC1,0.028121736430594794,max
ZNF362_LIAS_22_1x_S5,ZNF362,PC1,0.028101297247251158,max
HNRNPM_GNFG_23_1x_S6,HNRNPM,PC1,0.028091898156819402,max
PHKA2_SLNL_14_1x_S1,PHKA2,PC1,0.028077252854665335,max
ZNF768_FEPE_11_1x_S5,ZNF768,PC1,0.02801566826517135,max
CDC23_RVSP_12_1x_S3,CDC23,PC1,0.028014946883369866,max
DDX3X_FSGG_8_1x_S2,DDX3X,PC1,0.027996094671843025,max
MAP4_DVPP_16_1x_S6,MAP4,PC1,0.027978539823175854,max
BRWD3_RHSS_10_2x_S3,BRWD3,PC1,0.027968789876759687,max
ATXN2L_STST_11_1x_S7,ATXN2L,PC1,0.027863228417871463,max
KDM1B_ATET_15_1x_T5,KDM1B,PC1,0.027812477674525653,max
SAFB2_HHSV_7_1x_S3,SAFB2,PC1,0.027807190044872525,max
TNRC6C_AASS_26_2x_S/T,TNRC6C,PC1,0.027787987162450928,max
IWS1_TIAS_12_2x_S4,IWS1,PC1,0.027774124217500917,max
DGAT1_TGSR_21_1x_S3,DGAT1,PC1,0.02777245688310125,max
TCF3_TSST_13_1x_T/S,TCF3,PC1,0.027768638128590675,max
RCOR3_STDE_15_1x_T2,RCOR3,PC1,0.02771596369566794,max
VANGL1_RRDS_18_1x_S/Y,VANGL1,PC1,0.027704824188912635,max
PI4KB_SKSD_16_1x_S3,PI4KB,PC1,0.027704322211560283,max
NCBP1_RHSD_13_1x_S3,NCBP1,PC1,0.027703383519349718,max
SPIRE1_STSS_23_1x_S3,SPIRE1,PC1,0.02768551777395869,max
PKP4_RVSS_8_1x_S4,PKP4,PC1,0.02768442364796881,max
USP47_DGEQ_22_1x_S12,USP47,PC1,0.027683612122351552,max
SRRM2_SESD_10_1x_S3,SRRM2,PC1,0.02766987391308511,max
RBM17_SMGG_16_1x_S1,RBM17,PC1,0.027664417388296263,max
CTNND1_VGGS_10_1x_S4,CTNND1,PC1,0.027649470901457765,max
SRRM2_DQQS_9_1x_S5,SRRM2,PC1,0.02763808330910437,max
SHROOM2_SDSF_8_1x_S3,SHROOM2,PC1,0.027571709370019393,max
CPSF7_AHSR_13_1x_S3,CPSF7,PC1,0.027520075366572593,max
SIPA1L1_EYGS_10_1x_S4,SIPA1L1,PC1,0.027518659085826496,max
KLC4_RSSE_8_1x_S3,KLC4,PC1,0.02750954016702114,max
ATN1_SLND_11_1x_S7,ATN1,PC1,0.027494419726747793,max
PHF2_RKGS_14_1x_S4,PHF2,PC1,0.02748443434945938,max
PRRC2A_SEGS_11_1x_S1,PRRC2A,PC1,0.02748406179735957,max
TNKS1BP1_RPSQ_9_1x_S3,TNKS1BP1,PC1,0.027472016587441292,max
EIF1AD_RQYH_16_2x_S6,EIF1AD,PC1,0.027468058720646803,max
PRRC2C_GSET_17_1x_S2,PRRC2C,PC1,0.027467534011455585,max
SPEN_RPIE_13_2x_S6,SPEN,PC1,0.027450738377335145,max
TFPT_RTPA_20_1x_S10,TFPT,PC1,0.027449662289603206,max
PHF20_TEPT_23_1x_S5,PHF20,PC1,0.027430852448659896,max
TNKS1BP1_SPSQ_21_1x_S/T/Y,TNKS1BP1,PC1,0.02743015333098848,max
NFIA_LKSV_22_2x_S3,NFIA,PC1,0.02742008631503737,max
PUF60_AVTP_31_1x_T13,PUF60,PC1,0.027400596481609536,max
PHLDB1_KNSI_19_1x_S3,PHLDB1,PC1,0.02739608279212956,max
ZC3H18_TSDL_13_1x_S10,ZC3H18,PC1,0.027388498983290918,max
TP53BP1_SEDP_10_1x_T7,TP53BP1,PC1,0.02734252266638113,max
PSMD11_AQSL_9_1x_S3,PSMD11,PC1,0.027341845326065876,max
FAM122A_VSTT_27_1x_S10,FAM122A,PC1,0.027336791278429112,max
SCRIB_LPLL_13_1x_S8,SCRIB,PC1,0.027334919000225076,max
SCRIB_NSLE_11_1x_S2,SCRIB,PC1,0.027313754961943704,max
PRDM2_TSSP_15_3x_S6,PRDM2,PC1,0.027306648438973687,max
SF3B2_GVSS_10_1x_S3,SF3B2,PC1,0.02730621053646357,max
PPP1R10_VLSP_8_1x_S3,PPP1R10,PC1,0.027288425904087935,max
ZNF768_YEPQ_11_1x_S5,ZNF768,PC1,0.027278354740323585,max
TNRC6B_AGSS_11_2x_S3,TNRC6B,PC1,0.02726113020025495,max
TFPT_TPAP_19_1x_S9,TFPT,PC1,0.02725832086051787,max
SEC62_VGPG_23_1x_S17,SEC62,PC1,0.027252517962227524,max
BRD4_IHSP_7_1x_S3,BRD4,PC1,0.027245106367399245,max
MORC2_KRSV_18_2x_S3,MORC2,PC1,0.027239939420998855,max
SUFU_KDSL_19_1x_S3,SUFU,PC1,0.027235523326801517,max
NDE1_RPSS_12_1x_S6,NDE1,PC1,0.02721412376655243,max
PPIP5K2_SGEQ_13_1x_S1,PPIP5K2,PC1,0.027208496262434188,max
FAM122A_HGLL_11_1x_S8,FAM122A,PC1,0.027139881275593844,max
SCRIB_RVSL_11_1x_S3,SCRIB,PC1,0.027133823234896305,max
IRS1_RHSS_15_2x_S3,IRS1,PC1,0.027108891538530286,max
CTTN_TQTP_16_2x_T3,CTTN,PC1,0.027094618561044576,max
DNAJC9_KISL_12_1x_S3,DNAJC9,PC1,0.027089103837603212,max
UBL7_STPS_11_1x_S/T,UBL7,PC1,0.027072125771353196,max
ATRX_KSST_12_1x_S3,ATRX,PC1,0.027052269024203594,max
WRNIP1_RLSE_9_1x_S3,WRNIP1,PC1,0.027030941609916755,max
SMARCA4_IPDP_15_1x_S6,SMARCA4,PC1,0.02702115081509651,max
EPB41L2_GSQP_16_1x_S,EPB41L2,PC1,0.027010783316988904,max
MEAK7_HSEG_6_1x_S2,MEAK7,PC1,0.026963791861184975,max
MED1_DRHE_14_1x_S5,MED1,PC1,0.026957549555178716,max
GLYR1_RNSS_7_1x_S,GLYR1,PC1,0.02694894366114071,max
IWS1_KAAV_13_2x_S6,IWS1,PC1,0.026945991945073182,max
C1orf35_AEDQ_13_1x_S7,C1orf35,PC1,0.02693603373873991,max
CALU_VHND_22_2x_S7,CALU,PC1,0.026924840159035988,max
MAP2_KDEW_19_1x_S11,MAP2,PC1,0.02692030380920553,max
PRRC2A_TASE_17_2x_T1,PRRC2A,PC1,0.026909936893952435,max
LMNB1_AGGP_12_1x_T/S,LMNB1,PC1,0.026899068166467054,max
ARHGEF7_KESA_14_1x_S3,ARHGEF7,PC1,0.026890527800223857,max
PWP1_EKLQ_27_1x_S10,PWP1,PC1,0.026875911099264477,max
AHDC1_ASPV_24_1x_S2,AHDC1,PC1,0.026862795362219617,max
SMARCA4_KRDS_16_1x_S4,SMARCA4,PC1,0.026851283030125885,max
TP53RK_ATTP_21_1x_T3,TP53RK,PC1,0.026815502470566504,max
FXR2_AGYS_17_1x_T5,FXR2,PC1,0.026799293378307797,max
ZC3H11A_KFSA_13_1x_S3,ZC3H11A,PC1,0.026791468664260357,max
MEN1_RESK_12_1x_S3,MEN1,PC1,0.026785497256492343,max
N4BP1_KQFS_18_1x_S4,N4BP1,PC1,0.026764573335920895,max
IRS2_RVSG_12_1x_S3,IRS2,PC1,0.026744977146611556,max
MYH10_QLHL_19_2x_S8,MYH10,PC1,0.026734297212880155,max
EIF5B_NKPG_19_1x_S9,EIF5B,PC1,0.026730215606417786,max
OSBP_TGSN_19_3x_S6_T/S/Y,OSBP,PC1,0.026714161226682288,max
SRRM2_SASS_9_3x_S3,SRRM2,PC1,0.026707970620633584,max
EIF4G1_AASL_10_1x_S3,EIF4G1,PC1,0.02668677652770563,max
KIAA1211_KRHS_21_2x_T6_S,KIAA1211,PC1,0.02667243116871144,max
SMARCAD1_ANTP_25_2x_T9,SMARCAD1,PC2,0.03406425613290472,max
SYT7_NSLE_13_1x_T8,SYT7,PC2,0.03271263469335591,max
ZRANB2_SHRG_9_2x_S5_S,ZRANB2,PC2,0.03239969990261362,max
SLC7A6OS_NEYP_16_1x_S9,SLC7A6OS,PC2,0.0319279191322279,max
ZNF521_HIAE_15_1x_S10,ZNF521,PC2,0.03184718941279094,max
NCOA7_VLSS_15_3x_S3_S/T,NCOA7,PC2,0.03165939207544097,max
TMEM131_HSSE_17_2x_S2,TMEM131,PC2,0.03136190776835638,max
TCOF1_VSDP_23_1x_S11,TCOF1,PC2,0.031320263559488935,max
PRPF40B_TGWD_17_2x_S6,PRPF40B,PC2,0.031296564983448454,max
TP53BP1_SEAL_17_1x_S5,TP53BP1,PC2,0.03116424942991956,max
SMARCAD1_ANTP_11_2x_T3,SMARCAD1,PC2,0.030507573110772453,max
SNRNP27_STSP_8_1x_S7,SNRNP27,PC2,0.03043040427689522,max
LARP1_GEGS_11_1x_S9,LARP1,PC2,0.030169593863494593,max
HDGFL2_KPKP_22_2x_S17_S,HDGFL2,PC2,0.029956320914434953,max
NCBP3_ESSS_10_1x_S3,NCBP3,PC2,0.02984243771352044,max
VPS51_AQSS_8_1x_S4,VPS51,PC2,0.029754842431428754,max
FBXO41_RHST_17_3x_S3,FBXO41,PC2,0.02968277662125139,max
SRRM1_SRSP_10_2x_S3,SRRM1,PC2,0.029652316154876842,max
ACBD5_GAEQ_9_1x_S5,ACBD5,PC2,0.029584317110112765,max
ABLIM2_SPQH_7_1x_S1,ABLIM2,PC2,0.029571752661408258,max
SEC31A_DSDQ_26_1x_S8,SEC31A,PC2,0.029496204479892457,max
LARP1B_IGSP_8_1x_S6,LARP1B,PC2,0.029239460561145514,max
TCOF1_VSDP_23_2x_S6,TCOF1,PC2,0.029197524160639598,max
CPSF7_AHSR_13_2x_S3,CPSF7,PC2,0.029156561451155787,max
PVR_ENSS_14_2x_S3,PVR,PC2,0.02914635723777665,max
SSRP1_EFVS_14_1x_S5,SSRP1,PC2,0.02911284948826649,max
CTPS1_SGSS_14_2x_S3,CTPS1,PC2,0.02909175956452703,max
ARFGAP2_HGTD_21_1x_S18,ARFGAP2,PC2,0.02903038522492992,max
LARP1_NTFT_18_1x_S7,LARP1,PC2,0.02887425921138746,max
HDGFL2_KAPS_11_1x_S4,HDGFL2,PC2,0.0287323840111154,max
SAP30BP_QSED_18_1x_S7,SAP30BP,PC2,0.028472638597556683,max
ERGIC3_DGIP_11_1x_S6,ERGIC3,PC2,0.028355143002650785,max
MICAL3_SFGP_38_1x_S32,MICAL3,PC2,0.028301466474185747,max
PRKAR2A_RVSV_21_1x_1x_S3_C5,PRKAR2A,PC2,0.028197611956638464,max
MBP_ASTN_14_1x_S5,MBP,PC2,0.028136249366589604,max
RIMS2_TTNH_10_1x_S5,RIMS2,PC2,0.028132671170198038,max
WBP11_EVEE_21_1x_S17,WBP11,PC2,0.028103697130011603,max
HIRIP3_EAAS_13_1x_S9,HIRIP3,PC2,0.028097453640556522,max
ARHGAP17_SPSP_26_1x_S3,ARHGAP17,PC2,0.02808596449205424,max
HDGFL2_GPPS_16_2x_S4,HDGFL2,PC2,0.02808337966593646,max
HNRNPK_IIPT_36_1x_S/T/Y,HNRNPK,PC2,0.028072927066631975,max
RTN4_DSES_19_1x_S4,RTN4,PC2,0.027923839000978324,max
POM121C_HDSS_26_2x_S6_S,POM121C,PC2,0.027911121088543135,max
PRPF40B_SNSP_13_2x_S3,PRPF40B,PC2,0.02788844504397669,max
SUB1_ELVS_19_2x_S10,SUB1,PC2,0.02769371013180308,max
SEC62_HSDT_9_2x_T4,SEC62,PC2,0.02755967980876822,max
VPS13D_DYPL_16_2x_T5_S/T/Y,VPS13D,PC2,0.027507112444498973,max
ALAD_SSPA_9_1x_S,ALAD,PC2,0.02746773333182176,max
SNN_ISQS_17_1x_S9,SNN,PC2,0.027430328791237805,max
HDGFL2_GEAE_23_1x_S7,HDGFL2,PC2,0.027414292815874736,max
CHD3_TSPT_18_2x_T5_S9,CHD3,PC2,0.02738883835304574,max
HDGFL2_KAPS_11_2x_S6,HDGFL2,PC2,0.02734921135754113,max
RANBP3_SAGG_15_2x_S5,RANBP3,PC2,0.027296889473050655,max
HDGFL2_ADSD_15_1x_S3,HDGFL2,PC2,0.02728728581165662,max
CHD2_EEAS_13_1x_S11,CHD2,PC2,0.027133613141092063,max
CTPS1_SGSS_14_3x_S3,CTPS1,PC2,0.027066956353253832,max
NUCKS1_TKKD_16_1x_S6,NUCKS1,PC2,0.02680013988600125,max
CHGB_GEDS_8_2x_S4,CHGB,PC2,0.02673101934003884,max
TNRC6A_SSSG_10_2x_S3,TNRC6A,PC2,0.02672070819820783,max
PPIP5K2_TSSE_9_1x_S3,PPIP5K2,PC2,0.026679043401148933,max
TCOF1_VSDP_23_3x_S6,TCOF1,PC2,0.026623431421651342,max
NUCKS1_KDDS_18_1x_S6,NUCKS1,PC2,0.026550024267123194,max
MAP2_ADEG_22_2x_T8,MAP2,PC2,0.02650191429287274,max
CEP170_TSPV_11_1x_S2,CEP170,PC2,0.026462628468822434,max
CERS4_DIRS_25_2x_S4,CERS4,PC2,0.02645869755955723,max
MAP2_AGKS_28_1x_S4,MAP2,PC2,0.026417716851181144,max
SRRM2_SSSP_15_3x_S1,SRRM2,PC2,0.02640770481429746,max
RSF1_KYSD_16_1x_S3,RSF1,PC2,0.02640541170326614,max
SUB1_ELVS_19_3x_S10,SUB1,PC2,0.026350002970231594,max
DCAF6_DSAL_21_1x_S10,DCAF6,PC2,0.026316394970088603,max
AP3B2_GRGS_15_1x_S4,AP3B2,PC2,0.026314715186741146,max
SUPT16H_ESLG_21_1x_S9,SUPT16H,PC2,0.026229469696990936,max
SUPT16H_ESLG_11_1x_S5,SUPT16H,PC2,0.026181632165131075,max
HERC1_AQTP_19_2x_T3,HERC1,PC2,0.026180714644194237,max
UBE4A_QQSD_33_1x_S/Y,UBE4A,PC2,0.026148985459724768,max
SIRT2_EHAS_23_1x_S21,SIRT2,PC2,0.026144496654093564,max
MAP2_DGSP_21_1x_S3,MAP2,PC2,0.026037091936518084,max
NUCKS1_TPSP_17_2x_S3,NUCKS1,PC2,0.026004183158252963,max
KIDINS220_SSES_22_1x_S9,KIDINS220,PC2,0.026002265170408427,max
CAMK2D_ESTE_16_1x_T9,CAMK2D,PC2,0.02597989405032837,max
HIVEP3_SFDY_23_1x_S1,HIVEP3,PC2,0.02596609936159757,max
SMARCAD1_TEDS_14_1x_S5,SMARCAD1,PC2,0.025945906308489863,max
SUGP2_DCPP_24_1x_S22,SUGP2,PC2,0.02585889187341304,max
ZC3H18_DSGS_14_1x_S4,ZC3H18,PC2,0.02583275866976504,max
AP3D1_KVPV_29_1x_S19,AP3D1,PC2,0.02563214404166496,max
LEMD2_ASVR_14_2x_S6,LEMD2,PC2,0.025610354632299426,max
CHD2_KQDS_16_1x_S4,CHD2,PC2,0.02554137161988421,max
CD47_AVEE_13_1x_S12,CD47,PC2,0.025414106900087025,max
SUB1_ELVS_18_1x_S12,SUB1,PC2,0.02540104816832033,max
ZNF638_SHSP_7_1x_S5,ZNF638,PC2,0.025391444735372515,max
ATRX_NQVN_15_2x_S5,ATRX,PC2,0.025307658848775255,max
FAM184B_LAAE_14_2x_S8,FAM184B,PC2,0.02530635556643278,max
ZNF521_ALSP_16_1x_S3,ZNF521,PC2,0.02528501086624231,max
OSBPL5_KTES_17_1x_S4,OSBPL5,PC2,0.02514216461384276,max
SMARCA4_AKPV_18_1x_S6,SMARCA4,PC2,0.025075889035199046,max
IWS1_AEPP_26_1x_S/T,IWS1,PC2,0.025013581023187872,max
IWS1_ISDS_11_1x_S2,IWS1,PC2,0.024916811979793164,max
CWC15_LDQI_41_1x_T/S,CWC15,PC2,0.024848568478814285,max
SYVN1_LESP_7_1x_S3,SYVN1,PC2,0.02484103371709827,max
FIP1L1_ERDH_19_2x_S5,FIP1L1,PC2,0.02482070638587579,max
DEK_KESE_16_2x_S8,DEK,PC2,0.024820178113364746,max
WBP11_MAGQ_32_1x_S,WBP11,PC2,0.024755389996080346,max
FAM184B_TRPT_15_1x_S9,FAM184B,PC2,0.024669320596009594,max
IWS1_DSGS_24_1x_S21,IWS1,PC2,0.02463667534961566,max
SRRM2_DQQS_12_3x_S4_S,SRRM2,PC2,0.024577274899263465,max
NLGN2_RLSP_24_1x_S3,NLGN2,PC2,0.02453878445416922,max
HSP90AB1_EKEI_13_1x_S5,HSP90AB1,PC2,0.024495734806964813,max
USP47_SDSD_9_1x_S3,USP47,PC2,0.0244918680360042,max
ATP8A2_ATSV_13_2x_T2,ATP8A2,PC2,0.024452304485941066,max
MSH6_VISD_21_1x_S3,MSH6,PC2,0.024417418554006233,max
CUL4B_EDFD_18_1x_T6,CUL4B,PC2,0.024402524703900242,max
COPE_APPA_22_1x_S12,COPE,PC2,0.02437905112437374,max
FAM131B_DTDA_13_2x_S6,FAM131B,PC2,0.02437843025777109,max
NUCKS1_KDDS_14_1x_S6,NUCKS1,PC2,0.0243598787845649,max
ADD2_TESV_17_2x_S10,ADD2,PC2,0.02435324119956308,max
FIP1L1_DHSP_17_2x_S3,FIP1L1,PC2,0.024320411459456168,max
MYO18A_RPTG_11_1x_S9,MYO18A,PC2,0.024228650039447942,max
SGIP1_PFSP_19_1x_S10,SGIP1,PC2,0.02417732201838033,max
SMARCA4_SGSG_8_1x_S3,SMARCA4,PC2,0.02411315958933391,max
HDGFL2_GSGG_18_1x_S5,HDGFL2,PC2,0.024066501008643736,max
SUB1_ELVS_18_2x_S12,SUB1,PC2,0.024063280779848983,max
NEK1_TCSL_9_1x_S3,NEK1,PC2,0.024027198249226618,max
RSF1_LSSS_22_1x_S15,RSF1,PC2,0.024017479235715337,max
SETD2_ETEP_12_1x_S7,SETD2,PC2,0.023998602647554622,max
SSB_FASD_20_1x_S3,SSB,PC2,0.023974958634643346,max
RGS19_LMHS_8_1x_S4,RGS19,PC2,0.023966495412028596,max
MAP2_DQTA_41_1x_S19,MAP2,PC2,0.023951146972942372,max
PHF2_SDDS_20_1x_S/T,PHF2,PC2,0.023946374026472428,max
HDLBP_DCDP_8_1x_S6,HDLBP,PC2,0.023913955488077655,max
HTATSF1_EFDE_18_1x_S6,HTATSF1,PC2,0.023833548433280727,max
MAP2_DQTA_37_1x_S19,MAP2,PC2,0.023799519887107132,max
SPTB_VLDT_19_1x_S7,SPTB,PC2,0.023758108885599323,max
RTF1_TSEV_20_1x_S17,RTF1,PC2,0.023690380672506353,max
NCL_EVEE_29_1x_S,NCL,PC2,0.02365851129228223,max
NCL_EVEE_29_2x_S6_S,NCL,PC2,0.023630100368970335,max
CDC42BPA_DFDG_11_2x_S7,CDC42BPA,PC2,0.023616670759348663,max
ATP6V1A_VLDA_24_1x_T13,ATP6V1A,PC2,0.023584578963762485,max
TEX2_TAPS_14_1x_S9,TEX2,PC2,0.023572136203494878,max
USP4_EQLS_24_1x_S9,USP4,PC2,0.023533735318485422,max
EPB41L1_RDED_20_1x_S7,EPB41L1,PC2,0.023518478346536642,max
ACIN1_SHSP_6_1x_S3,ACIN1,PC2,0.023495702349191405,max
PRKCB_QPVE_10_1x_T6,PRKCB,PC2,0.02347617540275361,max
KIAA1191_QPAS_18_1x_S16,KIAA1191,PC2,0.02346053122899355,max
ABLIM3_ASSP_14_1x_S3,ABLIM3,PC2,0.02344458865821369,max
SEC62_EETP_8_1x_T6,SEC62,PC2,0.02341096671073716,max
DLGAP4_SSVP_11_1x_S7,DLGAP4,PC2,0.02328565251246513,max
IWS1_VVSD_16_1x_S8,IWS1,PC2,0.02323133115451592,max
CCDC9_EGAA_21_1x_S15,CCDC9,PC2,0.023151219854721843,max
PELO_FPVP_18_1x_S,PELO,PC2,0.02308203096458508,max
IWS1_HQAS_13_2x_S4,IWS1,PC2,0.02299841356731223,max
NRCAM_EDDG_16_1x_S10,NRCAM,PC2,0.02298703842061857,max
YTHDC1_SGSG_11_1x_S8,YTHDC1,PC2,0.022943870045071604,max
CDK13_HSSI_12_1x_S5,CDK13,PC2,0.022923631892190783,max
SMARCA2_AKPV_17_1x_S10,SMARCA2,PC2,0.02291511294072233,max
EIF3B_TEPA_46_1x_S/T,EIF3B,PC2,0.02291260769542632,max
HDAC2_IACD_18_1x_S8,HDAC2,PC2,0.02288182148799623,max
HDAC2_IACD_18_1x_1x_S8_C3,HDAC2,PC2,0.02288182148799623,max
DLG1_KGSS_15_1x_S3,DLG1,PC2,0.022878323449288637,max
SRRM3_SGAH_24_2x_S13,SRRM3,PC2,0.022783834453227222,max
PPIP5K2_TSSE_10_1x_S3,PPIP5K2,PC2,0.022776004808589885,max
IWS1_DSGS_24_2x_S17,IWS1,PC2,0.022772243712551248,max
LINGO1_KSDA_13_1x_S2,LINGO1,PC2,0.02276216714315589,max
NUCKS1_TSTS_24_1x_S10,NUCKS1,PC2,0.022744843591805616,max
ZNF638_SHSP_7_2x_S3,ZNF638,PC2,0.02270620337571294,max
NUCKS1_DSGS_22_1x_S16,NUCKS1,PC2,0.022695818769081593,max
ABI1_THSG_12_3x_S3,ABI1,PC2,0.022648324649388655,max
NUCKS1_DDSH_13_1x_S5,NUCKS1,PC2,0.022584693517104827,max
KIAA1549_GRVS_19_2x_S4,KIAA1549,PC2,0.022559321653105688,max
HDGFL2_GPPS_16_3x_S4,HDGFL2,PC2,0.022466877688824338,max
NUCKS1_EMLM_46_2x_S9_S/Y,NUCKS1,PC2,0.02245068795302401,max
MFAP1_EDSS_18_1x_S3,MFAP1,PC2,0.022397136457714927,max
MAPK8IP2_SSQE_19_2x_S7,MAPK8IP2,PC2,0.022339316718885012,max
CDK11B_DLLS_15_1x_S10,CDK11B,PC2,0.02229949404763923,max
ANK2_SDTE_11_1x_S6,ANK2,PC2,0.022239131646336317,max
MYH10_DHNI_13_1x_S8,MYH10,PC2,0.022221059959847553,max
CADPS_LFTE_14_1x_T6,CADPS,PC2,0.022176370803857016,max
CANX_QKSD_19_1x_S3,CANX,PC2,0.02215636277523718,max
CHGB_MAHG_13_1x_S9,CHGB,PC2,0.022145143485263235,max
HDLBP_DCDP_8_1x_1x_S6_C2,HDLBP,PC2,0.02206788713060069,max
HARS2_DLSP_10_1x_S3,HARS2,PC2,0.02206743725604346,max
SPTAN1_KLDP_23_1x_S,SPTAN1,PC2,0.022014923397218444,max
CACNA1C_SITA_13_1x_S8,CACNA1C,PC2,0.022009812258286302,max
THRAP3_ESVD_14_3x_S9_S,THRAP3,PC2,0.022006421263834453,max
PTGES3_FSEM_33_1x_S26,PTGES3,PC2,0.021979084854966795,max
ATRX_ATSS_16_1x_T/S/Y,ATRX,PC2,0.021975356328763337,max
ARVCF_GALS_18_1x_S4,ARVCF,PC2,0.021921395912162873,max
TRIM32_EMDM_14_1x_S5,TRIM32,PC2,0.021896296956830673,max
TENM1_HGYQ_26_2x_S9,TENM1,PC2,0.021887123921401432,max
RRP15_ESDG_18_1x_S14,RRP15,PC2,0.021853167375094455,max
NCL_MAPP_36_2x_S25,NCL,PC2,0.021846498941357737,max
SUB1_ELVS_18_3x_S10,SUB1,PC2,0.021801699249328798,max
RAPH1_TSSP_7_1x_S3,RAPH1,PC2,0.021788304699630504,max
VAT1_EVAE_17_1x_T7,VAT1,PC2,0.02178246458348001,max
